pCWID,name,Type,n_id,c_id,n_c_id,Description,n_domain,c_domain,n_c_domain,Expectation ,Epistasis
pCW18,pCW18 pHR-UCOE-SFFV-N34-dCas9-C32-P2a-mNeonGreen,Domain construct,N34,C32,N34_C32,DNMT3A_3L-KRAB,DNMT3A-3L_JKNp112,Gilbert_Lab_CRISPRi_KRAB,DNMT3A-3L_JKNp112_Gilbert_Lab_CRISPRi_KRAB,Repression ,N
pCW24,pCW24 pCWT SFFV-N282-XTEN16-2XNLS-dCas9-XTEN80-C346-IRES-Puro-P2A-mNeonGreen,Domain construct,N282,C346,N282_C346,VP160-MSX2,VP160,MSX2_HUMAN,VP160_MSX2_HUMAN,Activation,N
pCW25,pCW25 pCWT SFFV-N284-XTEN16-2XNLS-dCas9-XTEN80-C267-IRES-Puro-P2A-mNeonGreen,Domain construct,N284,C267,N284_C267,p65 HSF1-FOXA1-Nterm,p65-HSF1,FOXA1-Nterm,p65-HSF1_FOXA1-Nterm,Activation,N
pCW26,pCW26 pCWT SFFV-N284-XTEN16-2XNLS-dCas9-XTEN80-C257-IRES-Puro-P2A-mNeonGreen,Domain construct,N284,C257,N284_C257,p65 HSF1-c-Myb-TAD,p65-HSF1,c-Myb-TAD,p65-HSF1_c-Myb-TAD,Activation,N
pCW28,pCW28 pCWT SFFV-N313-XTEN16-2XNLS-dCas9-XTEN80-C306-IRES-Puro-P2A-mNeonGreen,Domain construct,N313,C306,N313_C306,SaII-CobB,SaII,CobB,SaII_CobB,Repression ,N
pCW31,pCW31 pCWT SFFV-RC433-XTEN16-2XNLS-dCas9-XTEN80-RC433-IRES-Puro-P2A-mNeonGreen,Domain construct,RC433,RC433,RC433_RC433,Random-Random,RC433,RC433,RC433_RC433,Control,N
pCW33,pCW33 pCWT SFFV-N282-XTEN16-2XNLS-dCas9-XTEN80-C285-IRES-Puro-P2A-mNeonGreen,Domain construct,N282,C285,N282_C285,VP160-p65-MyoD,VP160,p65-MyoD,VP160_p65-MyoD,Activation,N
,SFFV-N246-XTEN16-2XNLS-dCas9-XTEN80-C239-IRES-Puro-P2A-mNeonGreen,Domain construct,N246,C239,N246_C239,,ATRX_HUMAN,KDM8_HUMAN,ATRX_HUMAN_KDM8_HUMAN,,
pCW41,pCW41 pCWT SFFV-RC433-XTEN16-2XNLS-dCas9-XTEN80-C267-IRES-Puro-P2A-mNeonGreen,Domain construct,RC433,C267,RC433_C267,RC433-FOXA1-Nterm,RC433,FOXA1-Nterm,RC433_FOXA1-Nterm,Activation,N
pCW49,pCW49 pCWT SFFV-N281-XTEN16-2XNLS-dCas9-XTEN80-RC433-IRES-Puro-P2A-mNeonGreen,Domain construct,N281,RC433,N281_RC433,VP64-RC433,VP64,RC433,VP64_RC433,Activation,N
pCW63,pCW63 pCWT SFFV-N218-XTEN16-2XNLS-dCas9-XTEN80-C280-IRES-Puro-P2A-mNeonGreen,Domain construct,N218,C280,N218_C280,IN80B_HUMAN-CBF1-Cterm,IN80B_HUMAN,CBF1-Cterm,IN80B_HUMAN_CBF1-Cterm,Activation,N
pCW65,pCW65 pCWT SFFV-N131-XTEN16-2XNLS-dCas9-XTEN80-C185-IRES-Puro-P2A-mNeonGreen,Domain construct,N131,C185,N131_C185,PRDM2_HUMAN-RBBP7_HUMAN,PRDM2_HUMAN,RBBP7_HUMAN,PRDM2_HUMAN_RBBP7_HUMAN,Repression ,N
pCW84,pCW84 pCWT SFFV-RC433-XTEN16-2XNLS-dCas9-XTEN80-C32-IRES-Puro-P2A-mNeonGreen,Domain construct,RC433,C32,RC433_C32,RC433-KRAB,RC433,Gilbert_Lab_CRISPRi_KRAB,RC433_Gilbert_Lab_CRISPRi_KRAB,Repression ,N
pCW73,pCW73 pCWT SFFV-N105-XTEN16-2XNLS-dCas9-XTEN80-C131-IRES-Puro-P2A-mNeonGreen,Domain construct,N105,C131,N105_C131,MBD2_HUMAN-PRDM2_HUMAN,MBD2_HUMAN,PRDM2_HUMAN,MBD2_HUMAN_PRDM2_HUMAN,shrug emoji,N
pCW59,pCW59 pCWT SFFV-N252-XTEN16-2XNLS-dCas9-XTEN80-C46-IRES-Puro-P2A-mNeonGreen,Domain construct,N252,C46,N252_C46,HCFC1-SMRD1,HCFC1_HUMAN,SMRD1_HUMAN,HCFC1_HUMAN_SMRD1_HUMAN,shrug emoji,Y
pCW78,pCW78 pCWT SFFV-N252-XTEN16-2XNLS-dCas9-XTEN80-RC433-IRES-Puro-P2A-mNeonGreen,Domain construct,N252,RC433,N252_RC433,HCFC1-RC433,HCFC1_HUMAN,RC433,HCFC1_HUMAN_RC433,shrug emoji,Y
pCW82,pCW82 pCWT SFFV-RC433-XTEN16-2XNLS-dCas9-XTEN80-C46-IRES-Puro-P2A-mNeonGreen,Domain construct,RC433,C46,RC433_C46,RC433-SMRD!,RC433,SMRD1_HUMAN,RC433_SMRD1_HUMAN,shrug emoji,Y
pCW47,pCW47 pCWT SFFV-N105-XTEN16-2XNLS-dCas9-XTEN80-RC433-IRES-Puro-P2A-mNeonGreen,Domain construct,N105,RC433,N105_RC433,MBD2_HUMAN-RC433,MBD2_HUMAN,RC433,MBD2_HUMAN_RC433,shrug emoji,Y
pCW79,pCW79 pCWT SFFV-RC433-XTEN16-2XNLS-dCas9-XTEN80-C131-IRES-Puro-P2A-mNeonGreen,Domain construct,RC433,C131,RC433_C131,RC433-PRDM2,RC433,PRDM2_HUMAN,RC433_PRDM2_HUMAN,shrug emoji,Y
,SFFV-N111-XTEN16-2XNLS-dCas9-XTEN80-C278-IRES-Puro-P2A-mNeonGreen,Domain construct,N111,C278,N111_C278,,KDM5A_HUMAN,TET2CD,KDM5A_HUMAN_TET2CD,,