id,description,start,end,lhs_gc_content,rhs_gc_content,lhs_max_homopolymer,rhs_max_homopolymer,lhs_entropy,rhs_entropy,lhs_repetitiveness,rhs_repetitiveness,lhs_sequence,rhs_sequence,lhs_off_target_length,lhs_mismatch,lhs_max_off_target_binding,lhs_off_target_gene,rhs_off_target_length,rhs_mismatch,rhs_max_off_target_binding,rhs_off_target_gene,priority_score,target
C131_bin_1242,50-bp bin starting at position 1242,1242,1291,52.0,52.0,3,3,,0.9983119055396816,64,36,CACTAACGCACACTGGTCCCAACTT,AGCTATCTCGGTGGCAGAAATGCCT,,,0.0,,,,0.0,,99.83119055396817,C131
C131_bin_14,50-bp bin starting at position 14,14,63,52.0,60.0,2,2,,0.9530186554098734,92,93,AAGGTCTCTTGAACCACCACGTCCT,GCTCAGCAGCACTCTGTGGTTCCTC,,,0.0,,,,0.0,,31.767288513662447,C131
C131_bin_68,50-bp bin starting at position 68,68,117,52.0,48.0,3,3,,0.9983119055396816,48,52,GGCTTAAGACCCTCATTCTCCAGCT,CCTCCTGCTTAAAGGAGATCATAGG,,,0.0,,,,0.0,,99.83119055396817,C131
C185_bin_293,50-bp bin starting at position 293,293,342,52.0,48.0,2,3,,0.9845127868218252,56,48,TCGTTGTGAGGTGACCAATGCACCT,GAAAGATCTCGTCCTTGTGGGATTC,,,0.0,,,,0.0,,98.45127868218252,C185
C185_bin_3,50-bp bin starting at position 3,3,52,52.0,52.0,3,2,,0.9661190960509451,106,72,AAGATCCCTGTCCCTCAAGCTCACT,AGTGGTCACATCGCTCTCCTCATCA,22.0,2.0,20.0,ROBO1,,,0.0,,19.322381921018902,C185
C185_bin_73,50-bp bin starting at position 73,73,122,48.0,52.0,2,3,,0.969735285398626,86,62,CTGCCAGATCTGCATGATGTTGTCT,TCGCTAACACTGCAGATAACCCAGG,22.0,2.0,20.0,LZTFL1,21.0,1.0,20.0,FBXO3,10.774836504429176,C185
C239_bin_112,50-bp bin starting at position 112,112,161,48.0,48.0,3,4,,0.9709505944546686,48,64,CGGAGCTTTGGCAAACTTAGGGAAT,TTCTCCAAGTCGGGGTTTTCAACGT,,,0.0,,,,0.0,,97.09505944546686,C239
C239_bin_6,50-bp bin starting at position 6,6,55,48.0,64.0,3,2,,0.9566348447575544,114,62,ACCACCAGAAGCTGACACTAAAGCT,CAGGTCCAAGGCGCGCACGTAATGC,21.0,2.0,19.0,NADP+ dependent) 2 like (MTHFD2L,,,0.0,,5.187824537730774,C239
C239_bin_164,50-bp bin starting at position 164,164,213,48.0,60.0,2,3,,0.9364675198096846,84,71,ACCTGGCTGGTATTATGCAGCAGAT,GGGTGTCATGAGGGTAAAGGGCTCC,,,0.0,,,,0.0,,31.215583993656153,C239
C257_bin_108,50-bp bin starting at position 108,108,157,44.0,52.0,3,2,,0.9845127868218252,107,68,TTTCCTTCTCAGGGTCCTCATCATT,ATAGTGTCTCTGGATGGCAGCTGCA,25.0,1.0,24.0,MYB,,,0.0,,7.2818993108123165,C257
C257_bin_2,50-bp bin starting at position 2,2,51,48.0,52.0,2,3,,0.9661190960509451,107,38,TACCAACCAGGATAGGAACAGGTGT,GATTCTGGGTAGGCAAGACCTGTTG,,,0.0,,,,0.0,,96.61190960509451,C257
C267_bin_391,50-bp bin starting at position 391,391,440,52.0,52.0,3,3,,0.9845127868218252,36,40,CCCGAGCCCACTGTTCATATTGGAT,ACGGGCACAGAACTATACGCTTCCT,,,0.0,,,,0.0,,98.45127868218252,C267
C267_bin_44,50-bp bin starting at position 44,44,93,68.0,56.00000000000001,3,3,,0.9551541663346148,112,70,CCGCCCGCCCTACTTCGGCCCAAAT,TGCTAGGAGCGTATGCCATGGGAGA,,,0.0,,,,0.0,,15.919236105576909,C267
C267_bin_95,50-bp bin starting at position 95,95,144,56.00000000000001,52.0,3,3,,0.9934804071359582,92,48,ATGCAAGGGTTCATAGCGGCGGCAT,AAGGACCCAATCCGTTCATGGATGC,20.0,2.0,18.0,FOXA1,,,0.0,,11.715570838867421,C267
C278_bin_532,50-bp bin starting at position 532,532,581,48.0,52.0,3,2,,0.9983119055396816,62,50,TTCCTGCCCATTAGCATCTGAGAGT,TTATGAAGTCCGCCTTGGACACACG,,,0.0,,,,0.0,,99.83119055396817,C278
C278_bin_3,50-bp bin starting at position 3,3,52,48.0,52.0,3,3,,0.9709505944546686,50,50,AGATGTACCGATTATAAGGGCCGGT,TACGCGTGTGAAGGCATAGGGACTT,,,0.0,,,,0.0,,97.09505944546686,C278
C278_bin_60,50-bp bin starting at position 60,60,109,44.0,56.00000000000001,2,3,,0.9440510350957404,40,58,CAGTAGAATCCGTTGTAACGCTCAT,TGTTCTCTCGGCGAGGGACTTGATG,,,0.0,,20.0,2.0,18.0,JAKMIP2,7.421784867104873,C278
C280_bin_81,50-bp bin starting at position 81,81,130,48.0,48.0,2,3,,0.9440510350957404,70,48,CCATATTATCCAGCAGTGTCGGCAT,CCCGAACATTGTTTCCTCGTCCATA,,,0.0,,,,0.0,,94.40510350957405,C280
C280_bin_22,50-bp bin starting at position 22,22,71,44.0,56.00000000000001,4,2,,0.9440510350957404,70,61,CTCCCCATCGTAGTTATGATTCCAT,TGCACACTAGGAGGTGGCAGAAGCA,,,0.0,,,,0.0,,31.468367836524664,C280
C280_bin_137,50-bp bin starting at position 137,137,186,52.0,44.0,2,3,,0.956634844757554,46,46,GCGCCTTCAGACTGTTCTGGAGTAT,AAATGGCTTCAACCATTGTCTCCTC,,,0.0,,,,0.0,,47.8317422378777,C280
C285_bin_224,50-bp bin starting at position 224,224,273,48.0,48.0,3,2,,0.9983119055396816,52,34,ATCTGTGACAGCAGGGCACTAAAGT,CCATATCAGCGATGCTTGAGAAGTC,,,0.0,,,,0.0,,99.83119055396817,C285
C285_bin_4,50-bp bin starting at position 4,4,53,48.0,60.0,3,3,,0.9845127868218252,50,36,GCTATGTTCCTCAGGTTTGAGCAGT,GCGCCCACGTGCATCAGTCTAGGAT,,,0.0,,,,0.0,,32.81709289406084,C285
C285_bin_70,50-bp bin starting at position 70,70,119,52.0,52.0,4,2,,0.9661190960509451,54,81,CCTGAGATCGGGGCTGTCAAAACAT,GGATCATCGTAGAAGTCGTCGGTTG,,,0.0,,20.0,2.0,18.0,LINC00477,22.785827737050592,C285
C306_bin_12,50-bp bin starting at position 12,12,61,56.00000000000001,52.0,3,4,,0.9983119055396816,60,54,CGATAGAACCGGCCTTCAGCCCTTT,GAGCAGCTTTTCCACAAACTCTGGG,,,0.0,,,,0.0,,49.91559527698404,C306
C306_bin_65,50-bp bin starting at position 65,65,114,52.0,52.0,2,3,,0.9661190960509451,46,56,ACCTGGCTTGCAGGACCATAGTACT,TTTCAGCGAACTCATTCCCGACCTG,,,0.0,,,,0.0,,96.61190960509451,C306
C306_bin_117,50-bp bin starting at position 117,117,166,52.0,56.00000000000001,2,4,,0.9607709666679638,80,60,ATGGTTCGAGGTTCAGCTCCACTGT,ATGGGCTCCGTGCAGTTTTGCCTCA,,,0.0,,,,0.0,,48.03854833339815,C306
C32_bin_9,50-bp bin starting at position 9,9,58,52.0,48.0,4,2,,0.9934804071359582,59,54,CCTCGCCCTTTTCCAGCCTAAGAAT,GACGTCTGGCTTGGTCAACTGATAA,,,0.0,,,,0.0,,99.34804071359584,C32
C32_bin_99,50-bp bin starting at position 99,99,148,48.0,64.0,3,2,,0.9551541663346148,59,69,TTCTGTAAACAATCTGCTGGGCGGT,ATCCAGGAGCTTCCACTCCTCGCGG,,,0.0,,20.0,1.0,19.0,ANKRD53,5.1797948282788235,C32
C32_bin_162,50-bp bin starting at position 162,162,211,44.0,68.0,3,3,,0.951341594627746,72,80,AGACGTCTTTGAAAGTCACGAGAGT,GCGGGACCATGCCGTCAGGGACTTC,,,0.0,,,,0.0,,15.855693243795768,C32
C346_bin_17,50-bp bin starting at position 17,17,66,52.0,68.0,3,3,,0.8725232086386727,42,91,ATACCGTATCCCACAGGAGTTGCGT,AGAGCCCGACGGGTGGGATTGGGAG,,,0.0,,,,0.0,,17.450464172773454,C346
C346_bin_70,50-bp bin starting at position 70,70,119,56.00000000000001,56.00000000000001,3,3,,0.9934804071359582,75,58,GGGTCTGTGGAATGGATAGCTGGCT,CCGTAAATACTAGCTGCCTGCAGGG,,,0.0,,,,0.0,,33.11601357119857,C346
C346_bin_124,50-bp bin starting at position 124,124,173,48.0,56.00000000000001,3,3,,0.9767604755637348,102,62,GCTGATAGGGAATGGGAGACTGAAT,GAACTTGGCAACATGGGCTTAGCGG,24.0,2.0,22.0,MSX2,,,0.0,,8.362675304484021,C346
C46_bin_341,50-bp bin starting at position 341,341,390,52.0,48.0,2,2,,0.9983119055396816,59,58,TGCGTCTTCAACGTATCGTCCACCT,CGACGTCGATATCATAGCAAGCTGT,,,0.0,,,,0.0,,99.83119055396817,C46
C46_bin_2,50-bp bin starting at position 2,2,51,44.0,56.00000000000001,3,2,,0.8673469758233512,44,91,TAGGTGTTTCTAATGCCAAGAGCCT,GTTCGAGCTCTTGCCTCCTCTGTTG,21.0,2.0,19.0,putative) (ATP9B,,,0.0,,6.271489340732832,C46
C46_bin_70,50-bp bin starting at position 70,70,119,60.0,56.00000000000001,3,4,,0.9828390276231688,73,42,TCTGCACACTGCTTCCTGGGCCCAT,GGTTGGAAGTAAAACTCAGCCCGCC,,,0.0,,,,0.0,,24.57097569057921,C46
N105_bin_510,50-bp bin starting at position 510,510,559,48.0,52.0,3,3,,0.969735285398626,52,62,TAGTGTTGAGATCTGGCTTGCCCTT,GTTCTGATTCAGAGGGTCATTGCGC,,,0.0,,,,0.0,,96.97352853986258,N105
N105_bin_3,50-bp bin starting at position 3,3,52,48.0,56.00000000000001,2,3,,0.925282216451617,66,70,CTTCATCGCCACTGTCCATCTCAAT,ATCCATTTCTTCGGTGTCGGCTGCG,25.0,2.0,23.0,MBD2,,,0.0,,7.355184550489796,N105
N105_bin_56,50-bp bin starting at position 56,56,105,52.0,52.0,2,3,,0.8967604755637348,46,58,GACAGGATATCGGCCATAAGTGCCT,CCTCCAACTTCTTTCGCACCTGTTG,,,0.0,,,,0.0,,89.67604755637349,N105
N111_bin_10,50-bp bin starting at position 10,10,59,52.0,52.0,2,4,,0.9420537256935432,62,90,CAACTCATTGAGTCGCTGGACTCGT,GGGGTGAAGCGGAAGGACTTTACTT,,,0.0,,,,0.0,,94.20537256935431,N111
N111_bin_130,50-bp bin starting at position 130,130,179,44.0,48.0,4,3,,0.9983119055396816,84,40,CCTGATCCTGCCAATAAAAGAGAGT,GGGTCTGTAAACTCTTCCCAAGATG,,,0.0,,21.0,2.0,19.0,SLC16A6,10.827677934269866,N111
N131_bin_1580,50-bp bin starting at position 1580,1580,1629,48.0,52.0,2,2,,0.9983119055396816,91,58,ACAGTGACAGGTGTAAGCAGGCAAT,TAATGCCGTACAGGTCAGCTGATGC,,,0.0,,,,0.0,,99.83119055396817,N131
N131_bin_8,50-bp bin starting at position 8,8,57,44.0,60.0,4,2,,0.9607709666679638,46,80,TTAAAAGTCTCCTGCACAACGACGT,CTTGTTCAGCAGCGCTCTGAGGCTC,,,0.0,,,,0.0,,24.019274166699095,N131
N131_bin_73,50-bp bin starting at position 73,73,122,52.0,44.0,4,3,,0.8547631661615374,89,120,GCCTTCGTTTTCCAGCTCTTCCTGT,TTAAAGGAAATCATTGGGAGGGAGG,,,0.0,,,,0.0,,42.73815830807687,N131
N218_bin_787,50-bp bin starting at position 787,787,836,52.0,48.0,3,3,,0.9845127868218252,61,66,CCCTTCAGGTATCACGGTGAAGGTT,GGAACAGATTTGGTGCCAAGAACCT,,,0.0,,,,0.0,,98.45127868218252,N218
N218_bin_24,50-bp bin starting at position 24,24,73,68.0,44.0,3,2,,0.9828390276231688,89,65,GGCCTTCAGGCCCGCCCAGTCTCAT,CTGCAGATTAATCCTGTAACACTGC,22.0,2.0,20.0,LOC107984805,20.0,2.0,18.0,TMEM230,1.9879430170371537,N218
N218_bin_216,50-bp bin starting at position 216,216,265,68.0,56.00000000000001,4,3,,0.9828390276231688,74,46,AGAGCGTGGACCCCTGAGCACCGCT,ACAGTACCTCACCATGGGAGCAGGT,21.0,2.0,19.0,TRAPPC9,,,0.0,,3.5532864339232413,N218
N246_bin_102,50-bp bin starting at position 102,102,151,52.0,48.0,3,3,,0.9661190960509454,56,60,CAGAGGACCCATCTTCGTCAGAACT,CAGGTTAGCTTTGATTTCCTCCAGC,,,0.0,,,,0.0,,96.61190960509452,N246
N246_bin_11,50-bp bin starting at position 11,11,60,48.0,52.0,3,4,,0.8576279496125536,90,81,TCGCTGTTTACTTGGTTCTTGGCCT,CTTCGTCGCCGGGGTTTTCTTCATT,,,0.0,,,,0.0,,85.76279496125535,N246
N246_bin_170,50-bp bin starting at position 170,170,219,44.0,64.0,2,4,,0.969735285398626,75,124,CTGTTCTCAGGATCATTGTCATCGT,CATCGTCGTCGACAGTCACGGGGAC,,,0.0,,,,0.0,,19.39470570797252,N246
N252_bin_41,50-bp bin starting at position 41,41,90,52.0,52.0,3,3,,0.9143172867352864,54,99,TCAGGACTGCTCATGGGTCTCTTGT,TGGCTGGCTTTGTTCCTGAACTGTC,,,0.0,,20.0,1.0,19.0,LOC124903945,19.833346783845695,N252
N252_bin_95,50-bp bin starting at position 95,95,144,56.00000000000001,68.0,2,4,,0.8714830977337608,54,70,CTTGTCTCCTGCAGCCATCTGACCT,GGGTGGCTGGGCCGTAGCCCTTTTC,21.0,1.0,20.0,LOC105377113,21.0,2.0,19.0,LOXL4,1.6869591516332958,N252
N252_bin_147,50-bp bin starting at position 147,147,196,52.0,48.0,3,3,,0.8869559756502736,93,60,TCCTGGCGGCGATCCTAAAGATGAT,GGCTGGTTTGGTAGTGTAATCGATG,,,0.0,,,,0.0,,88.69559756502736,N252
N281_bin_62,50-bp bin starting at position 62,62,111,52.0,48.0,3,4,,0.969735285398626,64,78,TCGAGTGCATCGCTACCCAGCATAT,CCAAGTCAAAATCGTCCAGTGCATC,,,0.0,,,,0.0,,96.97352853986258,N281
N281_bin_8,50-bp bin starting at position 8,8,57,56.00000000000001,48.0,2,3,,0.9372222272898196,76,104,TCGAGATCGAAGTCATCCAGCGCGT,CAGAACCCAGCATATCGAGATCGAA,,,0.0,,21.0,2.0,19.0,RASGRF2,10.16510007906528,N281
N282_bin_62,50-bp bin starting at position 62,62,111,56.00000000000001,52.0,3,2,,0.9934804071359582,60,90,TCCAAAGCGTCGGATCCCAGCATGT,CAAGGTCGAAGTCATCAAGTGCGTC,,,0.0,,,,0.0,,49.67402035679786,N282
N282_bin_113,50-bp bin starting at position 113,113,162,52.0,64.0,2,3,,0.9566348447575544,60,70,GAGCCAAGCATATCCAGGTCGAAGT,CATCGAGGGCGTCAGAGCCCAGCAT,,,0.0,,,,0.0,,23.91587111893886,N282
N282_bin_164,50-bp bin starting at position 164,164,213,48.0,48.0,3,2,,0.9845127868218252,96,81,TCCAAATCGAAGTCGTCCAACGCAT,CTGATCCGAGCATATCCAGATCGAA,,,0.0,,,,0.0,,98.45127868218252,N282
N284_bin_365,50-bp bin starting at position 365,365,414,64.0,52.0,3,3,,0.9787029057127592,82,36,CTGAAGCCGCTTCCACCTCCTCCCT,GCCCACTAGAGGAAATCTGTGACAG,21.0,1.0,20.0,ADP-ribose) polymerase family member 9 (PARP9,22.0,2.0,20.0,SBNO1,2.718619182535442,N284
N284_bin_417,50-bp bin starting at position 417,417,466,48.0,52.0,3,2,,0.9934804071359582,36,40,GGGCACTAAAGTCCATATCAGCGAT,GCTTGAGAAGTCTTCATCTCCGGAC,,,0.0,,,,0.0,,99.34804071359584,N284
N284_bin_525,50-bp bin starting at position 525,525,574,68.0,56.00000000000001,3,4,,0.9828390276231688,82,48,GGCTGCCGGTCACCAGCCGGGTAAT,GGCTTCGGGGTACTCCATCAGCATT,,,0.0,,,,0.0,,16.380650460386143,N284
N313_bin_284,50-bp bin starting at position 284,284,333,52.0,56.00000000000001,2,2,,0.9787029057127592,114,44,ATACTGGCTTCCACCTTCCGCTTCT,TCTTAGGACTGCTAGCCATGGTGGC,,,0.0,,,,0.0,,48.935145285637915,N313
N313_bin_33,50-bp bin starting at position 33,33,82,60.0,52.0,4,2,,0.9983119055396816,74,76,AGGTTTTAGCTGGGGAGGCAGGGCT,TTCATTGACGATCAGCACGAGCTGG,,,0.0,,,,0.0,,33.27706351798938,N313
N313_bin_92,50-bp bin starting at position 92,92,141,44.0,48.0,4,3,,0.9661190960509451,81,42,CAGCTTTTCTTATGCAGGAGCAGAT,CTGACAGTTCAAAGAACTCGGCACA,21.0,2.0,19.0,LINC02456,21.0,2.0,19.0,LOC101926887,5.876636837292855,N313
N34_bin_693,50-bp bin starting at position 693,693,742,48.0,48.0,3,2,,0.9934804071359582,56,48,TGATCTTTCCCTGATGGCGAACCAT,TCCGACAGTAATGGAGTCTTCACAC,,,0.0,,,,0.0,,99.34804071359584,N34
N34_bin_14,50-bp bin starting at position 14,14,63,44.0,56.00000000000001,4,2,,0.9607709666679638,72,44,TATTCCTTCAAAGGGGCAAACAGGT,GTCGGATCACTGGCACAGACCAAGA,,,0.0,,,,0.0,,32.02569888893211,N34
N34_bin_72,50-bp bin starting at position 72,72,121,68.0,44.0,3,2,,0.9661190960509454,63,48,GCAACCTTTGCCGGGCCAGCCGACT,CATATTGCTGACGTCTGTATAGTGG,,,0.0,,,,0.0,,16.101984934182422,N34
RC433_bin_127,50-bp bin starting at position 127,127,176,44.0,68.0,2,3,,0.9440510350957404,46,42,AGTGGTAACATATGACGTGCTCAGT,CCGCGCCCTGCTTTGTAAGGGACGG,,,0.0,,,,0.0,,15.73418391826234,RC433
RC433_bin_5,50-bp bin starting at position 5,5,54,48.0,48.0,2,3,,0.9934804071359582,62,92,ATAGGCTTACTGCGAGATGCCAGAT,TTGGTCCTAGGCACACTTGGTAAAG,,,0.0,,,,0.0,,99.34804071359584,RC433
RC433_bin_69,50-bp bin starting at position 69,69,118,56.00000000000001,64.0,3,3,,0.942053725693543,98,62,TCGTTGACATTGCGAGGCGGGACAT,TCCCTTTACTCCGGGAGCGCTACGC,,,0.0,,21.0,2.0,19.0,LOC105373091,4.087000979147691,RC433
